arm,label,mean_auc,median_auc,std_across_assays,min,max
celldino_r224,Cell-DINO,0.6333455621114703,0.6460875899777537,0.09292371790804187,0.4745900833631674,0.7834761557099855
dino_r224,DINOv2,0.6271902531693446,0.6314170209003808,0.0840341034351764,0.4890376308631929,0.76214879062139
dino_large_r224,DINOv2-Large,0.6299363459160616,0.6358119424899501,0.09126150120078037,0.4955670379457788,0.776262611353137
dinov3_r224,DINOv3-Base,0.628131282375345,0.613958539145798,0.08137013666462825,0.510944631500187,0.7710525549441102
biomedclip_r224,BiomedCLIP,0.621414954248525,0.611385191829572,0.07683787630216976,0.5086619224889773,0.743421110140079
clip_r224,CLIP-L (locked recipe),0.6256817933453461,0.6216559753931502,0.08453864169654071,0.498636286458417,0.7613218670807623
resnet_r224,ResNet50 (fine-tuned),0.6638364119715775,0.6538830782047803,0.10552104161369102,0.5000280760824619,0.8451065764068777
celldino_r448,Cell-DINO 448,0.6333445799253739,0.6479547972266695,0.09470815042954396,0.4744113994056284,0.784102432168787
dino_r448,DINOv2 448,0.637082411171527,0.6271808890299195,0.08109704767827045,0.5186805870727241,0.7734033415326529
dino_large_r448,DINOv2-Large 448,0.6411550918673282,0.6292794556134245,0.08830260833171032,0.511217358438664,0.7812163513768898
dinov3_r448,DINOv3-Base 448,0.6397716675417572,0.6157915217552741,0.0960808856540733,0.4963076676410009,0.7914159203753132
resnet_r448,ResNet 448,0.6791522290972376,0.6831046032157143,0.1083761667206379,0.5020765904660641,0.8543558840137412
