,Cell-DINO,DINOv2,DINOv2-Large,DINOv3-Base,BiomedCLIP,"CLIP-L
(locked recipe)","ResNet50
(fine-tuned)"
Cell-DINO,1.0,0.23910269320956812,0.8629208384510081,0.10473156737564115,0.017815361711787325,0.1619879874094815,0.8031853403284221
DINOv2,0.23910269320956812,1.0,0.9464151283982416,0.9998156110480073,0.9599301571232403,0.9999969292137425,0.00393679459218188
DINOv2-Large,0.8629208384510081,0.9464151283982416,1.0,0.8031853403284217,0.41080401193853044,0.8883771289717035,0.10473156737564127
DINOv3-Base,0.10473156737564115,0.9998156110480073,0.8031853403284217,1.0,0.9965965045505787,0.9999969292137425,0.0009161532530435057
BiomedCLIP,0.017815361711787325,0.9599301571232403,0.41080401193853044,0.9965965045505787,1.0,0.9859788683617315,5.871686931957498e-05
"CLIP-L
(locked recipe)",0.1619879874094815,0.9999969292137425,0.8883771289717035,0.9999969292137425,0.9859788683617315,1.0,0.0019343733110928074
"ResNet50
(fine-tuned)",0.8031853403284221,0.00393679459218188,0.10473156737564127,0.0009161532530435057,5.871686931957498e-05,0.0019343733110928074,1.0
