,fold0,fold1,fold2,fold3,fold4,fold5,mean,std
assay_26,0.9,0.6564625850340136,0.7142857142857143,0.680952380952381,0.7106481481481481,0.6964285714285714,0.7264628999748047,0.07998627761114548
assay_15,0.8375,0.4910394265232975,0.5077777777777778,0.5240885416666666,0.5885416666666666,0.5,0.5748245687724014,0.12170635681020305
assay_25,0.7405405405405405,0.7633587786259542,0.738782439970895,0.6861623225259589,0.8069636456733231,0.7819203268641471,0.7529546757001365,0.03803595799258187
assay_19,0.7341337907375644,0.8681159420289855,0.757396449704142,0.8025641025641026,0.7955,0.7388392857142857,0.7827582617915133,0.046146494908622
assay_18,0.7103896103896103,0.6534166813702014,0.6262280658878733,0.6737400530503979,0.7105504755609415,0.6961138989380324,0.6784064641995095,0.030926154629150018
assay_23,0.7080213903743315,0.7467479674796748,0.8326639892904953,0.7407407407407407,0.7906746031746031,0.8890625,0.7846518651766409,0.06121021167175684
assay_22,0.7024647887323944,0.705026455026455,0.7807835820895522,0.794891640866873,0.8526220614828209,0.8226495726495726,0.776406350141278,0.05608116193841244
assay_2,0.6946386946386947,0.7174757281553398,0.802734375,0.8377028714107366,0.8016194331983806,0.686046511627907,0.7567029356718431,0.05927400896067094
assay_0,0.6874074074074074,0.660075329566855,0.6519607843137255,0.6095238095238096,0.614019520851819,0.7146341463414634,0.65627016633418,0.03737037798240515
assay_21,0.6739583333333333,0.6103692065985861,0.5314553990610329,0.5530932594644506,0.4805194805194805,0.7166666666666667,0.594343724273925,0.08182369772503746
assay_8,0.6393551446183026,0.6713822575891542,0.691688829787234,0.6861697140178152,0.6428341384863124,0.6613372093023255,0.665461215633524,0.019842325887127532
assay_10,0.6368421052631579,0.5799944736114949,0.7040343915343915,0.7148717948717949,0.6043056397816858,0.7141943734015346,0.6590404630773432,0.05465113822156789
assay_6,0.6350877192982456,0.5992,0.43703703703703706,0.48863636363636365,0.6742424242424242,0.2222222222222222,0.5094042944060487,0.1523007280323295
assay_20,0.6347336065573771,0.7915632754342432,0.751429660693862,0.7977086743044189,0.770242914979757,0.6730205278592375,0.7364497766381493,0.061272577165059246
assay_17,0.6233108108108109,0.5925233644859813,0.6734892787524367,0.7931286549707602,0.7838722881702824,0.6394148020654045,0.6842898665426127,0.07749462434026942
assay_5,0.6210526315789474,0.5986394557823129,0.6410256410256411,0.6907020872865275,0.5052631578947369,0.4537037037037037,0.5850644462119783,0.08102909682847136
assay_28,0.6181818181818182,0.6384775808133473,0.7211847389558232,0.6741258741258741,0.6825951825951826,0.7361963190184049,0.6784602522817417,0.04168697494775328
assay_7,0.5890295358649789,0.7302325581395349,0.5486666666666666,0.7037815126050421,0.7580032555615843,0.5761904761904761,0.6509840008380472,0.0820795304323581
assay_24,0.5862068965517241,0.7101648351648352,0.7225806451612903,0.6630434782608695,0.6266666666666667,1.0,0.7181104203008977,0.13437368178466597
assay_9,0.5705939629990263,0.580165927069265,0.6016685520361991,0.6571391950781851,0.5438233264320221,0.6439393939393939,0.5995550595923486,0.04002307314189939
assay_12,0.5684400826446281,0.5852208835341366,0.5124132127077635,0.5998805613616005,0.6248577282039608,0.5746484698097601,0.5775768230436416,0.03447154330338997
assay_14,0.5682880655256346,0.5318478032373345,0.5901798175296139,0.5772613065326633,0.5634775322740815,0.5899530215673714,0.5701679244444499,0.019828300098347858
assay_11,0.5590277777777778,0.703030303030303,0.5273972602739726,0.6346153846153846,0.553475935828877,0.5669642857142857,0.5907518245401001,0.05986933476814745
assay_4,0.5538461538461539,0.6246913580246913,0.4318181818181818,0.48,0.42857142857142855,0.4,0.4864878537100759,0.07905976179744094
assay_1,0.5465263157894736,0.5188492063492064,0.36065573770491804,0.6695361071257772,0.4424444444444444,0.44168096054888506,0.49661546199378415,0.09774484423536671
assay_16,0.5305627705627706,0.5699588477366255,0.5070921985815603,0.5461286009480977,0.603988603988604,0.6211878009630819,0.5631531371301233,0.039951368171747936
assay_13,0.49382716049382713,0.7875,0.49444444444444446,0.6124567474048442,0.6746031746031746,0.7037037037037037,0.627755871774999,0.10756690090989096
assay_27,0.46645021645021645,0.49318658280922434,0.6505208333333333,0.6097142857142858,0.5608465608465608,0.3504273504273504,0.5218576382634952,0.09922491265764186
assay_3,0.30444444444444446,0.5370370370370371,0.5871212121212122,0.3354978354978355,0.6177285318559557,0.475,0.47613817682608084,0.1192570562065754
