,Metadata_Plate,Metadata_Well,Metadata_JCP2022,sample,Metadata_Site,Metadata_Path,CDK2,EGFR,Metadata_InChI,Metadata_InChIKey,split_number
6201,1053597936,B02,JCP2022_061654,0,1,1053597936/B02_1.png,0.0,1.0,"InChI=1S/C17H17N7/c18-15-13-14(11-7-10-5-6-19-16(10)20-8-11)23-24(12-3-1-2-4-12)17(13)22-9-21-15/h5-9,12H,1-4H2,(H,19,20)(H2,18,21,22)",NVRXTLZYXZNATH-UHFFFAOYSA-N,5
6202,1053597936,B02,JCP2022_061654,0,2,1053597936/B02_2.png,0.0,1.0,"InChI=1S/C17H17N7/c18-15-13-14(11-7-10-5-6-19-16(10)20-8-11)23-24(12-3-1-2-4-12)17(13)22-9-21-15/h5-9,12H,1-4H2,(H,19,20)(H2,18,21,22)",NVRXTLZYXZNATH-UHFFFAOYSA-N,5
6203,1053597936,B02,JCP2022_061654,0,3,1053597936/B02_3.png,0.0,1.0,"InChI=1S/C17H17N7/c18-15-13-14(11-7-10-5-6-19-16(10)20-8-11)23-24(12-3-1-2-4-12)17(13)22-9-21-15/h5-9,12H,1-4H2,(H,19,20)(H2,18,21,22)",NVRXTLZYXZNATH-UHFFFAOYSA-N,5
6204,1053597936,B02,JCP2022_061654,0,4,1053597936/B02_4.png,0.0,1.0,"InChI=1S/C17H17N7/c18-15-13-14(11-7-10-5-6-19-16(10)20-8-11)23-24(12-3-1-2-4-12)17(13)22-9-21-15/h5-9,12H,1-4H2,(H,19,20)(H2,18,21,22)",NVRXTLZYXZNATH-UHFFFAOYSA-N,5
6205,1053597936,B02,JCP2022_061654,0,5,1053597936/B02_5.png,0.0,1.0,"InChI=1S/C17H17N7/c18-15-13-14(11-7-10-5-6-19-16(10)20-8-11)23-24(12-3-1-2-4-12)17(13)22-9-21-15/h5-9,12H,1-4H2,(H,19,20)(H2,18,21,22)",NVRXTLZYXZNATH-UHFFFAOYSA-N,5
6206,1053597936,B02,JCP2022_061654,0,6,1053597936/B02_6.png,0.0,1.0,"InChI=1S/C17H17N7/c18-15-13-14(11-7-10-5-6-19-16(10)20-8-11)23-24(12-3-1-2-4-12)17(13)22-9-21-15/h5-9,12H,1-4H2,(H,19,20)(H2,18,21,22)",NVRXTLZYXZNATH-UHFFFAOYSA-N,5
6210,1053597936,B04,JCP2022_115963,0,1,1053597936/B04_1.png,0.0,1.0,"InChI=1S/C16H19N5/c1-10-5-7-11(8-6-10)13-12-14(17)18-9-19-15(12)21(20-13)16(2,3)4/h5-9H,1-4H3,(H2,17,18,19)",ZVPDNRVYHLRXLX-UHFFFAOYSA-N,5
6211,1053597936,B04,JCP2022_115963,0,2,1053597936/B04_2.png,0.0,1.0,"InChI=1S/C16H19N5/c1-10-5-7-11(8-6-10)13-12-14(17)18-9-19-15(12)21(20-13)16(2,3)4/h5-9H,1-4H3,(H2,17,18,19)",ZVPDNRVYHLRXLX-UHFFFAOYSA-N,5
6212,1053597936,B04,JCP2022_115963,0,3,1053597936/B04_3.png,0.0,1.0,"InChI=1S/C16H19N5/c1-10-5-7-11(8-6-10)13-12-14(17)18-9-19-15(12)21(20-13)16(2,3)4/h5-9H,1-4H3,(H2,17,18,19)",ZVPDNRVYHLRXLX-UHFFFAOYSA-N,5
6213,1053597936,B04,JCP2022_115963,0,4,1053597936/B04_4.png,0.0,1.0,"InChI=1S/C16H19N5/c1-10-5-7-11(8-6-10)13-12-14(17)18-9-19-15(12)21(20-13)16(2,3)4/h5-9H,1-4H3,(H2,17,18,19)",ZVPDNRVYHLRXLX-UHFFFAOYSA-N,5
6214,1053597936,B04,JCP2022_115963,0,5,1053597936/B04_5.png,0.0,1.0,"InChI=1S/C16H19N5/c1-10-5-7-11(8-6-10)13-12-14(17)18-9-19-15(12)21(20-13)16(2,3)4/h5-9H,1-4H3,(H2,17,18,19)",ZVPDNRVYHLRXLX-UHFFFAOYSA-N,5
6215,1053597936,B04,JCP2022_115963,0,6,1053597936/B04_6.png,0.0,1.0,"InChI=1S/C16H19N5/c1-10-5-7-11(8-6-10)13-12-14(17)18-9-19-15(12)21(20-13)16(2,3)4/h5-9H,1-4H3,(H2,17,18,19)",ZVPDNRVYHLRXLX-UHFFFAOYSA-N,5
6219,1053597936,B20,JCP2022_116188,0,1,1053597936/B20_1.png,0.0,1.0,"InChI=1S/C25H26ClN5O3/c1-15-11-18(31-7-9-34-10-8-31)13-20-23(15)30-24(29-20)22-19(5-6-27-25(22)33)28-14-21(32)16-3-2-4-17(26)12-16/h2-6,11-13,21,32H,7-10,14H2,1H3,(H,29,30)(H2,27,28,33)",ZWVZORIKUNOTCS-UHFFFAOYSA-N,1
6220,1053597936,B20,JCP2022_116188,0,2,1053597936/B20_2.png,0.0,1.0,"InChI=1S/C25H26ClN5O3/c1-15-11-18(31-7-9-34-10-8-31)13-20-23(15)30-24(29-20)22-19(5-6-27-25(22)33)28-14-21(32)16-3-2-4-17(26)12-16/h2-6,11-13,21,32H,7-10,14H2,1H3,(H,29,30)(H2,27,28,33)",ZWVZORIKUNOTCS-UHFFFAOYSA-N,1
6221,1053597936,B20,JCP2022_116188,0,3,1053597936/B20_3.png,0.0,1.0,"InChI=1S/C25H26ClN5O3/c1-15-11-18(31-7-9-34-10-8-31)13-20-23(15)30-24(29-20)22-19(5-6-27-25(22)33)28-14-21(32)16-3-2-4-17(26)12-16/h2-6,11-13,21,32H,7-10,14H2,1H3,(H,29,30)(H2,27,28,33)",ZWVZORIKUNOTCS-UHFFFAOYSA-N,1
6222,1053597936,B20,JCP2022_116188,0,4,1053597936/B20_4.png,0.0,1.0,"InChI=1S/C25H26ClN5O3/c1-15-11-18(31-7-9-34-10-8-31)13-20-23(15)30-24(29-20)22-19(5-6-27-25(22)33)28-14-21(32)16-3-2-4-17(26)12-16/h2-6,11-13,21,32H,7-10,14H2,1H3,(H,29,30)(H2,27,28,33)",ZWVZORIKUNOTCS-UHFFFAOYSA-N,1
6223,1053597936,B20,JCP2022_116188,0,5,1053597936/B20_5.png,0.0,1.0,"InChI=1S/C25H26ClN5O3/c1-15-11-18(31-7-9-34-10-8-31)13-20-23(15)30-24(29-20)22-19(5-6-27-25(22)33)28-14-21(32)16-3-2-4-17(26)12-16/h2-6,11-13,21,32H,7-10,14H2,1H3,(H,29,30)(H2,27,28,33)",ZWVZORIKUNOTCS-UHFFFAOYSA-N,1
6224,1053597936,B20,JCP2022_116188,0,6,1053597936/B20_6.png,0.0,1.0,"InChI=1S/C25H26ClN5O3/c1-15-11-18(31-7-9-34-10-8-31)13-20-23(15)30-24(29-20)22-19(5-6-27-25(22)33)28-14-21(32)16-3-2-4-17(26)12-16/h2-6,11-13,21,32H,7-10,14H2,1H3,(H,29,30)(H2,27,28,33)",ZWVZORIKUNOTCS-UHFFFAOYSA-N,1
6228,1053597936,C03,JCP2022_067432,0,1,1053597936/C03_1.png,0.0,1.0,"InChI=1S/C15H16ClN5/c1-15(2,3)21-14-11(13(17)18-8-19-14)12(20-21)9-4-6-10(16)7-5-9/h4-8H,1-3H3,(H2,17,18,19)",PBBRWFOVCUAONR-UHFFFAOYSA-N,5
6229,1053597936,C03,JCP2022_067432,0,2,1053597936/C03_2.png,0.0,1.0,"InChI=1S/C15H16ClN5/c1-15(2,3)21-14-11(13(17)18-8-19-14)12(20-21)9-4-6-10(16)7-5-9/h4-8H,1-3H3,(H2,17,18,19)",PBBRWFOVCUAONR-UHFFFAOYSA-N,5
6230,1053597936,C03,JCP2022_067432,0,3,1053597936/C03_3.png,0.0,1.0,"InChI=1S/C15H16ClN5/c1-15(2,3)21-14-11(13(17)18-8-19-14)12(20-21)9-4-6-10(16)7-5-9/h4-8H,1-3H3,(H2,17,18,19)",PBBRWFOVCUAONR-UHFFFAOYSA-N,5
6231,1053597936,C03,JCP2022_067432,0,4,1053597936/C03_4.png,0.0,1.0,"InChI=1S/C15H16ClN5/c1-15(2,3)21-14-11(13(17)18-8-19-14)12(20-21)9-4-6-10(16)7-5-9/h4-8H,1-3H3,(H2,17,18,19)",PBBRWFOVCUAONR-UHFFFAOYSA-N,5
6232,1053597936,C03,JCP2022_067432,0,5,1053597936/C03_5.png,0.0,1.0,"InChI=1S/C15H16ClN5/c1-15(2,3)21-14-11(13(17)18-8-19-14)12(20-21)9-4-6-10(16)7-5-9/h4-8H,1-3H3,(H2,17,18,19)",PBBRWFOVCUAONR-UHFFFAOYSA-N,5
6233,1053597936,C03,JCP2022_067432,0,6,1053597936/C03_6.png,0.0,1.0,"InChI=1S/C15H16ClN5/c1-15(2,3)21-14-11(13(17)18-8-19-14)12(20-21)9-4-6-10(16)7-5-9/h4-8H,1-3H3,(H2,17,18,19)",PBBRWFOVCUAONR-UHFFFAOYSA-N,5
6237,1053597936,D05,JCP2022_032771,0,1,1053597936/D05_1.png,1.0,0.0,"InChI=1S/C19H31N5O2/c1-12(2)10-15(25)20-17-14-11-24(19(3,4)16(14)21-22-17)18(26)13-6-8-23(5)9-7-13/h12-13H,6-11H2,1-5H3,(H2,20,21,22,25)",HUXYBQXJVXOMKX-UHFFFAOYSA-N,3
6238,1053597936,D05,JCP2022_032771,0,2,1053597936/D05_2.png,1.0,0.0,"InChI=1S/C19H31N5O2/c1-12(2)10-15(25)20-17-14-11-24(19(3,4)16(14)21-22-17)18(26)13-6-8-23(5)9-7-13/h12-13H,6-11H2,1-5H3,(H2,20,21,22,25)",HUXYBQXJVXOMKX-UHFFFAOYSA-N,3
6239,1053597936,D05,JCP2022_032771,0,3,1053597936/D05_3.png,1.0,0.0,"InChI=1S/C19H31N5O2/c1-12(2)10-15(25)20-17-14-11-24(19(3,4)16(14)21-22-17)18(26)13-6-8-23(5)9-7-13/h12-13H,6-11H2,1-5H3,(H2,20,21,22,25)",HUXYBQXJVXOMKX-UHFFFAOYSA-N,3
6240,1053597936,D05,JCP2022_032771,0,4,1053597936/D05_4.png,1.0,0.0,"InChI=1S/C19H31N5O2/c1-12(2)10-15(25)20-17-14-11-24(19(3,4)16(14)21-22-17)18(26)13-6-8-23(5)9-7-13/h12-13H,6-11H2,1-5H3,(H2,20,21,22,25)",HUXYBQXJVXOMKX-UHFFFAOYSA-N,3
6241,1053597936,D05,JCP2022_032771,0,5,1053597936/D05_5.png,1.0,0.0,"InChI=1S/C19H31N5O2/c1-12(2)10-15(25)20-17-14-11-24(19(3,4)16(14)21-22-17)18(26)13-6-8-23(5)9-7-13/h12-13H,6-11H2,1-5H3,(H2,20,21,22,25)",HUXYBQXJVXOMKX-UHFFFAOYSA-N,3
6242,1053597936,D05,JCP2022_032771,0,6,1053597936/D05_6.png,1.0,0.0,"InChI=1S/C19H31N5O2/c1-12(2)10-15(25)20-17-14-11-24(19(3,4)16(14)21-22-17)18(26)13-6-8-23(5)9-7-13/h12-13H,6-11H2,1-5H3,(H2,20,21,22,25)",HUXYBQXJVXOMKX-UHFFFAOYSA-N,3
6246,1053597936,D07,JCP2022_105442,0,1,1053597936/D07_1.png,0.0,1.0,"InChI=1S/C28H39N7O3/c1-5-22-27(37)34(3)23-17-29-28(32-25(23)35(22)20-8-6-7-9-20)31-21-11-10-18(16-24(21)38-4)26(36)30-19-12-14-33(2)15-13-19/h10-11,16-17,19-20,22H,5-9,12-15H2,1-4H3,(H,30,36)(H,29,31,32)",XQVVPGYIWAGRNI-UHFFFAOYSA-N,0
6247,1053597936,D07,JCP2022_105442,0,2,1053597936/D07_2.png,0.0,1.0,"InChI=1S/C28H39N7O3/c1-5-22-27(37)34(3)23-17-29-28(32-25(23)35(22)20-8-6-7-9-20)31-21-11-10-18(16-24(21)38-4)26(36)30-19-12-14-33(2)15-13-19/h10-11,16-17,19-20,22H,5-9,12-15H2,1-4H3,(H,30,36)(H,29,31,32)",XQVVPGYIWAGRNI-UHFFFAOYSA-N,0
6248,1053597936,D07,JCP2022_105442,0,3,1053597936/D07_3.png,0.0,1.0,"InChI=1S/C28H39N7O3/c1-5-22-27(37)34(3)23-17-29-28(32-25(23)35(22)20-8-6-7-9-20)31-21-11-10-18(16-24(21)38-4)26(36)30-19-12-14-33(2)15-13-19/h10-11,16-17,19-20,22H,5-9,12-15H2,1-4H3,(H,30,36)(H,29,31,32)",XQVVPGYIWAGRNI-UHFFFAOYSA-N,0
6249,1053597936,D07,JCP2022_105442,0,4,1053597936/D07_4.png,0.0,1.0,"InChI=1S/C28H39N7O3/c1-5-22-27(37)34(3)23-17-29-28(32-25(23)35(22)20-8-6-7-9-20)31-21-11-10-18(16-24(21)38-4)26(36)30-19-12-14-33(2)15-13-19/h10-11,16-17,19-20,22H,5-9,12-15H2,1-4H3,(H,30,36)(H,29,31,32)",XQVVPGYIWAGRNI-UHFFFAOYSA-N,0
6250,1053597936,D07,JCP2022_105442,0,5,1053597936/D07_5.png,0.0,1.0,"InChI=1S/C28H39N7O3/c1-5-22-27(37)34(3)23-17-29-28(32-25(23)35(22)20-8-6-7-9-20)31-21-11-10-18(16-24(21)38-4)26(36)30-19-12-14-33(2)15-13-19/h10-11,16-17,19-20,22H,5-9,12-15H2,1-4H3,(H,30,36)(H,29,31,32)",XQVVPGYIWAGRNI-UHFFFAOYSA-N,0
6251,1053597936,D07,JCP2022_105442,0,6,1053597936/D07_6.png,0.0,1.0,"InChI=1S/C28H39N7O3/c1-5-22-27(37)34(3)23-17-29-28(32-25(23)35(22)20-8-6-7-9-20)31-21-11-10-18(16-24(21)38-4)26(36)30-19-12-14-33(2)15-13-19/h10-11,16-17,19-20,22H,5-9,12-15H2,1-4H3,(H,30,36)(H,29,31,32)",XQVVPGYIWAGRNI-UHFFFAOYSA-N,0
6255,1053597936,D16,JCP2022_032771,0,1,1053597936/D16_1.png,1.0,0.0,"InChI=1S/C19H31N5O2/c1-12(2)10-15(25)20-17-14-11-24(19(3,4)16(14)21-22-17)18(26)13-6-8-23(5)9-7-13/h12-13H,6-11H2,1-5H3,(H2,20,21,22,25)",HUXYBQXJVXOMKX-UHFFFAOYSA-N,3
6256,1053597936,D16,JCP2022_032771,0,2,1053597936/D16_2.png,1.0,0.0,"InChI=1S/C19H31N5O2/c1-12(2)10-15(25)20-17-14-11-24(19(3,4)16(14)21-22-17)18(26)13-6-8-23(5)9-7-13/h12-13H,6-11H2,1-5H3,(H2,20,21,22,25)",HUXYBQXJVXOMKX-UHFFFAOYSA-N,3
6257,1053597936,D16,JCP2022_032771,0,3,1053597936/D16_3.png,1.0,0.0,"InChI=1S/C19H31N5O2/c1-12(2)10-15(25)20-17-14-11-24(19(3,4)16(14)21-22-17)18(26)13-6-8-23(5)9-7-13/h12-13H,6-11H2,1-5H3,(H2,20,21,22,25)",HUXYBQXJVXOMKX-UHFFFAOYSA-N,3
6258,1053597936,D16,JCP2022_032771,0,4,1053597936/D16_4.png,1.0,0.0,"InChI=1S/C19H31N5O2/c1-12(2)10-15(25)20-17-14-11-24(19(3,4)16(14)21-22-17)18(26)13-6-8-23(5)9-7-13/h12-13H,6-11H2,1-5H3,(H2,20,21,22,25)",HUXYBQXJVXOMKX-UHFFFAOYSA-N,3
6259,1053597936,D16,JCP2022_032771,0,5,1053597936/D16_5.png,1.0,0.0,"InChI=1S/C19H31N5O2/c1-12(2)10-15(25)20-17-14-11-24(19(3,4)16(14)21-22-17)18(26)13-6-8-23(5)9-7-13/h12-13H,6-11H2,1-5H3,(H2,20,21,22,25)",HUXYBQXJVXOMKX-UHFFFAOYSA-N,3
6260,1053597936,D16,JCP2022_032771,0,6,1053597936/D16_6.png,1.0,0.0,"InChI=1S/C19H31N5O2/c1-12(2)10-15(25)20-17-14-11-24(19(3,4)16(14)21-22-17)18(26)13-6-8-23(5)9-7-13/h12-13H,6-11H2,1-5H3,(H2,20,21,22,25)",HUXYBQXJVXOMKX-UHFFFAOYSA-N,3
6264,1053597936,E02,JCP2022_016935,0,1,1053597936/E02_1.png,0.0,1.0,"InChI=1S/C22H19N3O3/c1-26-20-12-18-19(13-21(20)27-2)23-14-24-22(18)25-15-8-10-17(11-9-15)28-16-6-4-3-5-7-16/h3-14H,1-2H3,(H,23,24,25)",DMWVGXGXHPOEPT-UHFFFAOYSA-N,4
6265,1053597936,E02,JCP2022_016935,0,2,1053597936/E02_2.png,0.0,1.0,"InChI=1S/C22H19N3O3/c1-26-20-12-18-19(13-21(20)27-2)23-14-24-22(18)25-15-8-10-17(11-9-15)28-16-6-4-3-5-7-16/h3-14H,1-2H3,(H,23,24,25)",DMWVGXGXHPOEPT-UHFFFAOYSA-N,4
6266,1053597936,E02,JCP2022_016935,0,3,1053597936/E02_3.png,0.0,1.0,"InChI=1S/C22H19N3O3/c1-26-20-12-18-19(13-21(20)27-2)23-14-24-22(18)25-15-8-10-17(11-9-15)28-16-6-4-3-5-7-16/h3-14H,1-2H3,(H,23,24,25)",DMWVGXGXHPOEPT-UHFFFAOYSA-N,4
6267,1053597936,E02,JCP2022_016935,0,4,1053597936/E02_4.png,0.0,1.0,"InChI=1S/C22H19N3O3/c1-26-20-12-18-19(13-21(20)27-2)23-14-24-22(18)25-15-8-10-17(11-9-15)28-16-6-4-3-5-7-16/h3-14H,1-2H3,(H,23,24,25)",DMWVGXGXHPOEPT-UHFFFAOYSA-N,4
6268,1053597936,E02,JCP2022_016935,0,5,1053597936/E02_5.png,0.0,1.0,"InChI=1S/C22H19N3O3/c1-26-20-12-18-19(13-21(20)27-2)23-14-24-22(18)25-15-8-10-17(11-9-15)28-16-6-4-3-5-7-16/h3-14H,1-2H3,(H,23,24,25)",DMWVGXGXHPOEPT-UHFFFAOYSA-N,4
6269,1053597936,E02,JCP2022_016935,0,6,1053597936/E02_6.png,0.0,1.0,"InChI=1S/C22H19N3O3/c1-26-20-12-18-19(13-21(20)27-2)23-14-24-22(18)25-15-8-10-17(11-9-15)28-16-6-4-3-5-7-16/h3-14H,1-2H3,(H,23,24,25)",DMWVGXGXHPOEPT-UHFFFAOYSA-N,4
6273,1053597936,H11,JCP2022_104437,0,1,1053597936/H11_1.png,1.0,0.0,"InChI=1S/C29H35N7O4/c1-39-16-13-34-9-11-35(12-10-34)19-20-5-7-21(8-6-20)26-25-27(32-31-26)22-3-2-4-23(24(22)28(25)37)30-29(38)33-36-14-17-40-18-15-36/h2-8H,9-19H2,1H3,(H,31,32)(H2,30,33,38)",XLSYZSRXVVCHLS-UHFFFAOYSA-N,3
6274,1053597936,H11,JCP2022_104437,0,2,1053597936/H11_2.png,1.0,0.0,"InChI=1S/C29H35N7O4/c1-39-16-13-34-9-11-35(12-10-34)19-20-5-7-21(8-6-20)26-25-27(32-31-26)22-3-2-4-23(24(22)28(25)37)30-29(38)33-36-14-17-40-18-15-36/h2-8H,9-19H2,1H3,(H,31,32)(H2,30,33,38)",XLSYZSRXVVCHLS-UHFFFAOYSA-N,3
6275,1053597936,H11,JCP2022_104437,0,3,1053597936/H11_3.png,1.0,0.0,"InChI=1S/C29H35N7O4/c1-39-16-13-34-9-11-35(12-10-34)19-20-5-7-21(8-6-20)26-25-27(32-31-26)22-3-2-4-23(24(22)28(25)37)30-29(38)33-36-14-17-40-18-15-36/h2-8H,9-19H2,1H3,(H,31,32)(H2,30,33,38)",XLSYZSRXVVCHLS-UHFFFAOYSA-N,3
6276,1053597936,H11,JCP2022_104437,0,4,1053597936/H11_4.png,1.0,0.0,"InChI=1S/C29H35N7O4/c1-39-16-13-34-9-11-35(12-10-34)19-20-5-7-21(8-6-20)26-25-27(32-31-26)22-3-2-4-23(24(22)28(25)37)30-29(38)33-36-14-17-40-18-15-36/h2-8H,9-19H2,1H3,(H,31,32)(H2,30,33,38)",XLSYZSRXVVCHLS-UHFFFAOYSA-N,3
6277,1053597936,H11,JCP2022_104437,0,5,1053597936/H11_5.png,1.0,0.0,"InChI=1S/C29H35N7O4/c1-39-16-13-34-9-11-35(12-10-34)19-20-5-7-21(8-6-20)26-25-27(32-31-26)22-3-2-4-23(24(22)28(25)37)30-29(38)33-36-14-17-40-18-15-36/h2-8H,9-19H2,1H3,(H,31,32)(H2,30,33,38)",XLSYZSRXVVCHLS-UHFFFAOYSA-N,3
6278,1053597936,H11,JCP2022_104437,0,6,1053597936/H11_6.png,1.0,0.0,"InChI=1S/C29H35N7O4/c1-39-16-13-34-9-11-35(12-10-34)19-20-5-7-21(8-6-20)26-25-27(32-31-26)22-3-2-4-23(24(22)28(25)37)30-29(38)33-36-14-17-40-18-15-36/h2-8H,9-19H2,1H3,(H,31,32)(H2,30,33,38)",XLSYZSRXVVCHLS-UHFFFAOYSA-N,3
6282,1053597936,H19,JCP2022_079715,0,1,1053597936/H19_1.png,0.0,1.0,"InChI=1S/C20H13F2N3O2/c21-11-1-5-13(6-2-11)23-17-9-15-16(20(27)25-19(15)26)10-18(17)24-14-7-3-12(22)4-8-14/h1-10,23-24H,(H,25,26,27)",RONQPWQYDRPRGG-UHFFFAOYSA-N,2
6283,1053597936,H19,JCP2022_079715,0,2,1053597936/H19_2.png,0.0,1.0,"InChI=1S/C20H13F2N3O2/c21-11-1-5-13(6-2-11)23-17-9-15-16(20(27)25-19(15)26)10-18(17)24-14-7-3-12(22)4-8-14/h1-10,23-24H,(H,25,26,27)",RONQPWQYDRPRGG-UHFFFAOYSA-N,2
6284,1053597936,H19,JCP2022_079715,0,3,1053597936/H19_3.png,0.0,1.0,"InChI=1S/C20H13F2N3O2/c21-11-1-5-13(6-2-11)23-17-9-15-16(20(27)25-19(15)26)10-18(17)24-14-7-3-12(22)4-8-14/h1-10,23-24H,(H,25,26,27)",RONQPWQYDRPRGG-UHFFFAOYSA-N,2
6285,1053597936,H19,JCP2022_079715,0,4,1053597936/H19_4.png,0.0,1.0,"InChI=1S/C20H13F2N3O2/c21-11-1-5-13(6-2-11)23-17-9-15-16(20(27)25-19(15)26)10-18(17)24-14-7-3-12(22)4-8-14/h1-10,23-24H,(H,25,26,27)",RONQPWQYDRPRGG-UHFFFAOYSA-N,2
6286,1053597936,H19,JCP2022_079715,0,5,1053597936/H19_5.png,0.0,1.0,"InChI=1S/C20H13F2N3O2/c21-11-1-5-13(6-2-11)23-17-9-15-16(20(27)25-19(15)26)10-18(17)24-14-7-3-12(22)4-8-14/h1-10,23-24H,(H,25,26,27)",RONQPWQYDRPRGG-UHFFFAOYSA-N,2
6287,1053597936,H19,JCP2022_079715,0,6,1053597936/H19_6.png,0.0,1.0,"InChI=1S/C20H13F2N3O2/c21-11-1-5-13(6-2-11)23-17-9-15-16(20(27)25-19(15)26)10-18(17)24-14-7-3-12(22)4-8-14/h1-10,23-24H,(H,25,26,27)",RONQPWQYDRPRGG-UHFFFAOYSA-N,2
6291,1053597936,I17,JCP2022_013455,0,1,1053597936/I17_1.png,0.0,0.0,"InChI=1S/C21H23N7O2S/c1-13-5-6-15(11-19(13)31(22,29)30)24-21-23-10-9-20(25-21)27(3)16-7-8-17-14(2)28(4)26-18(17)12-16/h5-12H,1-4H3,(H2,22,29,30)(H,23,24,25)",CUIHSIWYWATEQL-UHFFFAOYSA-N,1
6292,1053597936,I17,JCP2022_013455,0,2,1053597936/I17_2.png,0.0,0.0,"InChI=1S/C21H23N7O2S/c1-13-5-6-15(11-19(13)31(22,29)30)24-21-23-10-9-20(25-21)27(3)16-7-8-17-14(2)28(4)26-18(17)12-16/h5-12H,1-4H3,(H2,22,29,30)(H,23,24,25)",CUIHSIWYWATEQL-UHFFFAOYSA-N,1
6293,1053597936,I17,JCP2022_013455,0,3,1053597936/I17_3.png,0.0,0.0,"InChI=1S/C21H23N7O2S/c1-13-5-6-15(11-19(13)31(22,29)30)24-21-23-10-9-20(25-21)27(3)16-7-8-17-14(2)28(4)26-18(17)12-16/h5-12H,1-4H3,(H2,22,29,30)(H,23,24,25)",CUIHSIWYWATEQL-UHFFFAOYSA-N,1
6294,1053597936,I17,JCP2022_013455,0,4,1053597936/I17_4.png,0.0,0.0,"InChI=1S/C21H23N7O2S/c1-13-5-6-15(11-19(13)31(22,29)30)24-21-23-10-9-20(25-21)27(3)16-7-8-17-14(2)28(4)26-18(17)12-16/h5-12H,1-4H3,(H2,22,29,30)(H,23,24,25)",CUIHSIWYWATEQL-UHFFFAOYSA-N,1
6295,1053597936,I17,JCP2022_013455,0,5,1053597936/I17_5.png,0.0,0.0,"InChI=1S/C21H23N7O2S/c1-13-5-6-15(11-19(13)31(22,29)30)24-21-23-10-9-20(25-21)27(3)16-7-8-17-14(2)28(4)26-18(17)12-16/h5-12H,1-4H3,(H2,22,29,30)(H,23,24,25)",CUIHSIWYWATEQL-UHFFFAOYSA-N,1
6296,1053597936,I17,JCP2022_013455,0,6,1053597936/I17_6.png,0.0,0.0,"InChI=1S/C21H23N7O2S/c1-13-5-6-15(11-19(13)31(22,29)30)24-21-23-10-9-20(25-21)27(3)16-7-8-17-14(2)28(4)26-18(17)12-16/h5-12H,1-4H3,(H2,22,29,30)(H,23,24,25)",CUIHSIWYWATEQL-UHFFFAOYSA-N,1
6300,1053597936,J01,JCP2022_035296,0,1,1053597936/J01_1.png,0.0,0.0,"InChI=1S/C20H17F3N4O3/c21-20(22,23)30-16-6-4-15(5-7-16)27-18-11-17(25-12-26-18)13-2-1-3-14(10-13)19(29)24-8-9-28/h1-7,10-12,28H,8-9H2,(H,24,29)(H,25,26,27)",IIQUYGWWHIHOCF-UHFFFAOYSA-N,3
6301,1053597936,J01,JCP2022_035296,0,2,1053597936/J01_2.png,0.0,0.0,"InChI=1S/C20H17F3N4O3/c21-20(22,23)30-16-6-4-15(5-7-16)27-18-11-17(25-12-26-18)13-2-1-3-14(10-13)19(29)24-8-9-28/h1-7,10-12,28H,8-9H2,(H,24,29)(H,25,26,27)",IIQUYGWWHIHOCF-UHFFFAOYSA-N,3
6302,1053597936,J01,JCP2022_035296,0,3,1053597936/J01_3.png,0.0,0.0,"InChI=1S/C20H17F3N4O3/c21-20(22,23)30-16-6-4-15(5-7-16)27-18-11-17(25-12-26-18)13-2-1-3-14(10-13)19(29)24-8-9-28/h1-7,10-12,28H,8-9H2,(H,24,29)(H,25,26,27)",IIQUYGWWHIHOCF-UHFFFAOYSA-N,3
6303,1053597936,J01,JCP2022_035296,0,4,1053597936/J01_4.png,0.0,0.0,"InChI=1S/C20H17F3N4O3/c21-20(22,23)30-16-6-4-15(5-7-16)27-18-11-17(25-12-26-18)13-2-1-3-14(10-13)19(29)24-8-9-28/h1-7,10-12,28H,8-9H2,(H,24,29)(H,25,26,27)",IIQUYGWWHIHOCF-UHFFFAOYSA-N,3
6304,1053597936,J01,JCP2022_035296,0,5,1053597936/J01_5.png,0.0,0.0,"InChI=1S/C20H17F3N4O3/c21-20(22,23)30-16-6-4-15(5-7-16)27-18-11-17(25-12-26-18)13-2-1-3-14(10-13)19(29)24-8-9-28/h1-7,10-12,28H,8-9H2,(H,24,29)(H,25,26,27)",IIQUYGWWHIHOCF-UHFFFAOYSA-N,3
6305,1053597936,J01,JCP2022_035296,0,6,1053597936/J01_6.png,0.0,0.0,"InChI=1S/C20H17F3N4O3/c21-20(22,23)30-16-6-4-15(5-7-16)27-18-11-17(25-12-26-18)13-2-1-3-14(10-13)19(29)24-8-9-28/h1-7,10-12,28H,8-9H2,(H,24,29)(H,25,26,27)",IIQUYGWWHIHOCF-UHFFFAOYSA-N,3
6309,1053597936,J08,JCP2022_068713,0,1,1053597936/J08_1.png,0.0,0.0,"InChI=1S/C29H27F3N6O/c1-20-5-6-22(16-21(20)8-10-25-18-33-27-4-3-11-34-38(25)27)28(39)35-24-9-7-23(26(17-24)29(30,31)32)19-37-14-12-36(2)13-15-37/h3-7,9,11,16-18H,12-15,19H2,1-2H3,(H,35,39)",PHXJVRSECIGDHY-UHFFFAOYSA-N,5
6310,1053597936,J08,JCP2022_068713,0,2,1053597936/J08_2.png,0.0,0.0,"InChI=1S/C29H27F3N6O/c1-20-5-6-22(16-21(20)8-10-25-18-33-27-4-3-11-34-38(25)27)28(39)35-24-9-7-23(26(17-24)29(30,31)32)19-37-14-12-36(2)13-15-37/h3-7,9,11,16-18H,12-15,19H2,1-2H3,(H,35,39)",PHXJVRSECIGDHY-UHFFFAOYSA-N,5
6311,1053597936,J08,JCP2022_068713,0,3,1053597936/J08_3.png,0.0,0.0,"InChI=1S/C29H27F3N6O/c1-20-5-6-22(16-21(20)8-10-25-18-33-27-4-3-11-34-38(25)27)28(39)35-24-9-7-23(26(17-24)29(30,31)32)19-37-14-12-36(2)13-15-37/h3-7,9,11,16-18H,12-15,19H2,1-2H3,(H,35,39)",PHXJVRSECIGDHY-UHFFFAOYSA-N,5
6312,1053597936,J08,JCP2022_068713,0,4,1053597936/J08_4.png,0.0,0.0,"InChI=1S/C29H27F3N6O/c1-20-5-6-22(16-21(20)8-10-25-18-33-27-4-3-11-34-38(25)27)28(39)35-24-9-7-23(26(17-24)29(30,31)32)19-37-14-12-36(2)13-15-37/h3-7,9,11,16-18H,12-15,19H2,1-2H3,(H,35,39)",PHXJVRSECIGDHY-UHFFFAOYSA-N,5
6313,1053597936,J08,JCP2022_068713,0,5,1053597936/J08_5.png,0.0,0.0,"InChI=1S/C29H27F3N6O/c1-20-5-6-22(16-21(20)8-10-25-18-33-27-4-3-11-34-38(25)27)28(39)35-24-9-7-23(26(17-24)29(30,31)32)19-37-14-12-36(2)13-15-37/h3-7,9,11,16-18H,12-15,19H2,1-2H3,(H,35,39)",PHXJVRSECIGDHY-UHFFFAOYSA-N,5
6314,1053597936,J08,JCP2022_068713,0,6,1053597936/J08_6.png,0.0,0.0,"InChI=1S/C29H27F3N6O/c1-20-5-6-22(16-21(20)8-10-25-18-33-27-4-3-11-34-38(25)27)28(39)35-24-9-7-23(26(17-24)29(30,31)32)19-37-14-12-36(2)13-15-37/h3-7,9,11,16-18H,12-15,19H2,1-2H3,(H,35,39)",PHXJVRSECIGDHY-UHFFFAOYSA-N,5
6318,1053597936,J11,JCP2022_071733,0,1,1053597936/J11_1.png,0.0,0.0,"InChI=1S/C23H23N3O3/c1-15-7-10-18(24-23(29)17-5-4-6-19(13-17)26(2)3)14-21(15)25-22(28)16-8-11-20(27)12-9-16/h4-14,27H,1-3H3,(H,24,29)(H,25,28)",PYEFPDQFAZNXLI-UHFFFAOYSA-N,3
6319,1053597936,J11,JCP2022_071733,0,2,1053597936/J11_2.png,0.0,0.0,"InChI=1S/C23H23N3O3/c1-15-7-10-18(24-23(29)17-5-4-6-19(13-17)26(2)3)14-21(15)25-22(28)16-8-11-20(27)12-9-16/h4-14,27H,1-3H3,(H,24,29)(H,25,28)",PYEFPDQFAZNXLI-UHFFFAOYSA-N,3
6320,1053597936,J11,JCP2022_071733,0,3,1053597936/J11_3.png,0.0,0.0,"InChI=1S/C23H23N3O3/c1-15-7-10-18(24-23(29)17-5-4-6-19(13-17)26(2)3)14-21(15)25-22(28)16-8-11-20(27)12-9-16/h4-14,27H,1-3H3,(H,24,29)(H,25,28)",PYEFPDQFAZNXLI-UHFFFAOYSA-N,3
6321,1053597936,J11,JCP2022_071733,0,4,1053597936/J11_4.png,0.0,0.0,"InChI=1S/C23H23N3O3/c1-15-7-10-18(24-23(29)17-5-4-6-19(13-17)26(2)3)14-21(15)25-22(28)16-8-11-20(27)12-9-16/h4-14,27H,1-3H3,(H,24,29)(H,25,28)",PYEFPDQFAZNXLI-UHFFFAOYSA-N,3
6322,1053597936,J11,JCP2022_071733,0,5,1053597936/J11_5.png,0.0,0.0,"InChI=1S/C23H23N3O3/c1-15-7-10-18(24-23(29)17-5-4-6-19(13-17)26(2)3)14-21(15)25-22(28)16-8-11-20(27)12-9-16/h4-14,27H,1-3H3,(H,24,29)(H,25,28)",PYEFPDQFAZNXLI-UHFFFAOYSA-N,3
6323,1053597936,J11,JCP2022_071733,0,6,1053597936/J11_6.png,0.0,0.0,"InChI=1S/C23H23N3O3/c1-15-7-10-18(24-23(29)17-5-4-6-19(13-17)26(2)3)14-21(15)25-22(28)16-8-11-20(27)12-9-16/h4-14,27H,1-3H3,(H,24,29)(H,25,28)",PYEFPDQFAZNXLI-UHFFFAOYSA-N,3
6327,1053597936,J19,JCP2022_093480,0,1,1053597936/J19_1.png,0.0,1.0,"InChI=1S/C28H36ClN5O3S/c1-17(2)37-25-15-21(20-10-12-30-13-11-20)19(5)14-24(25)33-28-31-16-22(29)27(34-28)32-23-8-6-7-9-26(23)38(35,36)18(3)4/h6-9,14-18,20,30H,10-13H2,1-5H3,(H2,31,32,33,34)",VERWOWGGCGHDQE-UHFFFAOYSA-N,0
6328,1053597936,J19,JCP2022_093480,0,2,1053597936/J19_2.png,0.0,1.0,"InChI=1S/C28H36ClN5O3S/c1-17(2)37-25-15-21(20-10-12-30-13-11-20)19(5)14-24(25)33-28-31-16-22(29)27(34-28)32-23-8-6-7-9-26(23)38(35,36)18(3)4/h6-9,14-18,20,30H,10-13H2,1-5H3,(H2,31,32,33,34)",VERWOWGGCGHDQE-UHFFFAOYSA-N,0
6329,1053597936,J19,JCP2022_093480,0,3,1053597936/J19_3.png,0.0,1.0,"InChI=1S/C28H36ClN5O3S/c1-17(2)37-25-15-21(20-10-12-30-13-11-20)19(5)14-24(25)33-28-31-16-22(29)27(34-28)32-23-8-6-7-9-26(23)38(35,36)18(3)4/h6-9,14-18,20,30H,10-13H2,1-5H3,(H2,31,32,33,34)",VERWOWGGCGHDQE-UHFFFAOYSA-N,0
6330,1053597936,J19,JCP2022_093480,0,4,1053597936/J19_4.png,0.0,1.0,"InChI=1S/C28H36ClN5O3S/c1-17(2)37-25-15-21(20-10-12-30-13-11-20)19(5)14-24(25)33-28-31-16-22(29)27(34-28)32-23-8-6-7-9-26(23)38(35,36)18(3)4/h6-9,14-18,20,30H,10-13H2,1-5H3,(H2,31,32,33,34)",VERWOWGGCGHDQE-UHFFFAOYSA-N,0
6331,1053597936,J19,JCP2022_093480,0,5,1053597936/J19_5.png,0.0,1.0,"InChI=1S/C28H36ClN5O3S/c1-17(2)37-25-15-21(20-10-12-30-13-11-20)19(5)14-24(25)33-28-31-16-22(29)27(34-28)32-23-8-6-7-9-26(23)38(35,36)18(3)4/h6-9,14-18,20,30H,10-13H2,1-5H3,(H2,31,32,33,34)",VERWOWGGCGHDQE-UHFFFAOYSA-N,0
6332,1053597936,J19,JCP2022_093480,0,6,1053597936/J19_6.png,0.0,1.0,"InChI=1S/C28H36ClN5O3S/c1-17(2)37-25-15-21(20-10-12-30-13-11-20)19(5)14-24(25)33-28-31-16-22(29)27(34-28)32-23-8-6-7-9-26(23)38(35,36)18(3)4/h6-9,14-18,20,30H,10-13H2,1-5H3,(H2,31,32,33,34)",VERWOWGGCGHDQE-UHFFFAOYSA-N,0
6336,1053597936,J20,JCP2022_105442,0,1,1053597936/J20_1.png,0.0,1.0,"InChI=1S/C28H39N7O3/c1-5-22-27(37)34(3)23-17-29-28(32-25(23)35(22)20-8-6-7-9-20)31-21-11-10-18(16-24(21)38-4)26(36)30-19-12-14-33(2)15-13-19/h10-11,16-17,19-20,22H,5-9,12-15H2,1-4H3,(H,30,36)(H,29,31,32)",XQVVPGYIWAGRNI-UHFFFAOYSA-N,0
6337,1053597936,J20,JCP2022_105442,0,2,1053597936/J20_2.png,0.0,1.0,"InChI=1S/C28H39N7O3/c1-5-22-27(37)34(3)23-17-29-28(32-25(23)35(22)20-8-6-7-9-20)31-21-11-10-18(16-24(21)38-4)26(36)30-19-12-14-33(2)15-13-19/h10-11,16-17,19-20,22H,5-9,12-15H2,1-4H3,(H,30,36)(H,29,31,32)",XQVVPGYIWAGRNI-UHFFFAOYSA-N,0
6338,1053597936,J20,JCP2022_105442,0,3,1053597936/J20_3.png,0.0,1.0,"InChI=1S/C28H39N7O3/c1-5-22-27(37)34(3)23-17-29-28(32-25(23)35(22)20-8-6-7-9-20)31-21-11-10-18(16-24(21)38-4)26(36)30-19-12-14-33(2)15-13-19/h10-11,16-17,19-20,22H,5-9,12-15H2,1-4H3,(H,30,36)(H,29,31,32)",XQVVPGYIWAGRNI-UHFFFAOYSA-N,0
6339,1053597936,J20,JCP2022_105442,0,4,1053597936/J20_4.png,0.0,1.0,"InChI=1S/C28H39N7O3/c1-5-22-27(37)34(3)23-17-29-28(32-25(23)35(22)20-8-6-7-9-20)31-21-11-10-18(16-24(21)38-4)26(36)30-19-12-14-33(2)15-13-19/h10-11,16-17,19-20,22H,5-9,12-15H2,1-4H3,(H,30,36)(H,29,31,32)",XQVVPGYIWAGRNI-UHFFFAOYSA-N,0
6340,1053597936,J20,JCP2022_105442,0,5,1053597936/J20_5.png,0.0,1.0,"InChI=1S/C28H39N7O3/c1-5-22-27(37)34(3)23-17-29-28(32-25(23)35(22)20-8-6-7-9-20)31-21-11-10-18(16-24(21)38-4)26(36)30-19-12-14-33(2)15-13-19/h10-11,16-17,19-20,22H,5-9,12-15H2,1-4H3,(H,30,36)(H,29,31,32)",XQVVPGYIWAGRNI-UHFFFAOYSA-N,0
6341,1053597936,J20,JCP2022_105442,0,6,1053597936/J20_6.png,0.0,1.0,"InChI=1S/C28H39N7O3/c1-5-22-27(37)34(3)23-17-29-28(32-25(23)35(22)20-8-6-7-9-20)31-21-11-10-18(16-24(21)38-4)26(36)30-19-12-14-33(2)15-13-19/h10-11,16-17,19-20,22H,5-9,12-15H2,1-4H3,(H,30,36)(H,29,31,32)",XQVVPGYIWAGRNI-UHFFFAOYSA-N,0
6345,1053597936,J22,JCP2022_029868,0,1,1053597936/J22_1.png,0.0,0.0,"InChI=1S/C17H18N6/c18-7-5-15(12-3-1-2-4-12)23-10-13(9-22-23)16-14-6-8-19-17(14)21-11-20-16/h6,8-12,15H,1-5H2,(H,19,20,21)",HFNKQEVNSGCOJV-UHFFFAOYSA-N,2
6346,1053597936,J22,JCP2022_029868,0,2,1053597936/J22_2.png,0.0,0.0,"InChI=1S/C17H18N6/c18-7-5-15(12-3-1-2-4-12)23-10-13(9-22-23)16-14-6-8-19-17(14)21-11-20-16/h6,8-12,15H,1-5H2,(H,19,20,21)",HFNKQEVNSGCOJV-UHFFFAOYSA-N,2
6347,1053597936,J22,JCP2022_029868,0,3,1053597936/J22_3.png,0.0,0.0,"InChI=1S/C17H18N6/c18-7-5-15(12-3-1-2-4-12)23-10-13(9-22-23)16-14-6-8-19-17(14)21-11-20-16/h6,8-12,15H,1-5H2,(H,19,20,21)",HFNKQEVNSGCOJV-UHFFFAOYSA-N,2
6348,1053597936,J22,JCP2022_029868,0,4,1053597936/J22_4.png,0.0,0.0,"InChI=1S/C17H18N6/c18-7-5-15(12-3-1-2-4-12)23-10-13(9-22-23)16-14-6-8-19-17(14)21-11-20-16/h6,8-12,15H,1-5H2,(H,19,20,21)",HFNKQEVNSGCOJV-UHFFFAOYSA-N,2
6349,1053597936,J22,JCP2022_029868,0,5,1053597936/J22_5.png,0.0,0.0,"InChI=1S/C17H18N6/c18-7-5-15(12-3-1-2-4-12)23-10-13(9-22-23)16-14-6-8-19-17(14)21-11-20-16/h6,8-12,15H,1-5H2,(H,19,20,21)",HFNKQEVNSGCOJV-UHFFFAOYSA-N,2
6350,1053597936,J22,JCP2022_029868,0,6,1053597936/J22_6.png,0.0,0.0,"InChI=1S/C17H18N6/c18-7-5-15(12-3-1-2-4-12)23-10-13(9-22-23)16-14-6-8-19-17(14)21-11-20-16/h6,8-12,15H,1-5H2,(H,19,20,21)",HFNKQEVNSGCOJV-UHFFFAOYSA-N,2
6354,1053597936,K17,JCP2022_010404,0,1,1053597936/K17_1.png,0.0,1.0,"InChI=1S/C21H16FN3OS/c1-27(26)18-8-4-16(5-9-18)21-24-19(14-2-6-17(22)7-3-14)20(25-21)15-10-12-23-13-11-15/h2-13H,1H3,(H,24,25)",CDMGBJANTYXAIV-UHFFFAOYSA-N,5
6355,1053597936,K17,JCP2022_010404,0,2,1053597936/K17_2.png,0.0,1.0,"InChI=1S/C21H16FN3OS/c1-27(26)18-8-4-16(5-9-18)21-24-19(14-2-6-17(22)7-3-14)20(25-21)15-10-12-23-13-11-15/h2-13H,1H3,(H,24,25)",CDMGBJANTYXAIV-UHFFFAOYSA-N,5
6356,1053597936,K17,JCP2022_010404,0,3,1053597936/K17_3.png,0.0,1.0,"InChI=1S/C21H16FN3OS/c1-27(26)18-8-4-16(5-9-18)21-24-19(14-2-6-17(22)7-3-14)20(25-21)15-10-12-23-13-11-15/h2-13H,1H3,(H,24,25)",CDMGBJANTYXAIV-UHFFFAOYSA-N,5
6357,1053597936,K17,JCP2022_010404,0,4,1053597936/K17_4.png,0.0,1.0,"InChI=1S/C21H16FN3OS/c1-27(26)18-8-4-16(5-9-18)21-24-19(14-2-6-17(22)7-3-14)20(25-21)15-10-12-23-13-11-15/h2-13H,1H3,(H,24,25)",CDMGBJANTYXAIV-UHFFFAOYSA-N,5
6358,1053597936,K17,JCP2022_010404,0,5,1053597936/K17_5.png,0.0,1.0,"InChI=1S/C21H16FN3OS/c1-27(26)18-8-4-16(5-9-18)21-24-19(14-2-6-17(22)7-3-14)20(25-21)15-10-12-23-13-11-15/h2-13H,1H3,(H,24,25)",CDMGBJANTYXAIV-UHFFFAOYSA-N,5
6359,1053597936,K17,JCP2022_010404,0,6,1053597936/K17_6.png,0.0,1.0,"InChI=1S/C21H16FN3OS/c1-27(26)18-8-4-16(5-9-18)21-24-19(14-2-6-17(22)7-3-14)20(25-21)15-10-12-23-13-11-15/h2-13H,1H3,(H,24,25)",CDMGBJANTYXAIV-UHFFFAOYSA-N,5
6363,1053597936,M01,JCP2022_021751,0,1,1053597936/M01_1.png,0.0,0.0,"InChI=1S/C21H15ClF4N4O3/c1-27-19(31)18-10-13(6-7-28-18)33-12-3-5-17(16(23)9-12)30-20(32)29-11-2-4-15(22)14(8-11)21(24,25)26/h2-10H,1H3,(H,27,31)(H2,29,30,32)",FNHKPVJBJVTLMP-UHFFFAOYSA-N,5
6364,1053597936,M01,JCP2022_021751,0,2,1053597936/M01_2.png,0.0,0.0,"InChI=1S/C21H15ClF4N4O3/c1-27-19(31)18-10-13(6-7-28-18)33-12-3-5-17(16(23)9-12)30-20(32)29-11-2-4-15(22)14(8-11)21(24,25)26/h2-10H,1H3,(H,27,31)(H2,29,30,32)",FNHKPVJBJVTLMP-UHFFFAOYSA-N,5
6365,1053597936,M01,JCP2022_021751,0,3,1053597936/M01_3.png,0.0,0.0,"InChI=1S/C21H15ClF4N4O3/c1-27-19(31)18-10-13(6-7-28-18)33-12-3-5-17(16(23)9-12)30-20(32)29-11-2-4-15(22)14(8-11)21(24,25)26/h2-10H,1H3,(H,27,31)(H2,29,30,32)",FNHKPVJBJVTLMP-UHFFFAOYSA-N,5
6366,1053597936,M01,JCP2022_021751,0,4,1053597936/M01_4.png,0.0,0.0,"InChI=1S/C21H15ClF4N4O3/c1-27-19(31)18-10-13(6-7-28-18)33-12-3-5-17(16(23)9-12)30-20(32)29-11-2-4-15(22)14(8-11)21(24,25)26/h2-10H,1H3,(H,27,31)(H2,29,30,32)",FNHKPVJBJVTLMP-UHFFFAOYSA-N,5
6367,1053597936,M01,JCP2022_021751,0,5,1053597936/M01_5.png,0.0,0.0,"InChI=1S/C21H15ClF4N4O3/c1-27-19(31)18-10-13(6-7-28-18)33-12-3-5-17(16(23)9-12)30-20(32)29-11-2-4-15(22)14(8-11)21(24,25)26/h2-10H,1H3,(H,27,31)(H2,29,30,32)",FNHKPVJBJVTLMP-UHFFFAOYSA-N,5
6368,1053597936,M01,JCP2022_021751,0,6,1053597936/M01_6.png,0.0,0.0,"InChI=1S/C21H15ClF4N4O3/c1-27-19(31)18-10-13(6-7-28-18)33-12-3-5-17(16(23)9-12)30-20(32)29-11-2-4-15(22)14(8-11)21(24,25)26/h2-10H,1H3,(H,27,31)(H2,29,30,32)",FNHKPVJBJVTLMP-UHFFFAOYSA-N,5
6372,1053597936,M12,JCP2022_073458,0,1,1053597936/M12_1.png,0.0,1.0,"InChI=1S/C20H14FN3O/c21-16-5-1-13(2-6-16)18-19(14-9-11-22-12-10-14)24-20(23-18)15-3-7-17(25)8-4-15/h1-12,25H,(H,23,24)",QHKYPYXTTXKZST-UHFFFAOYSA-N,5
6373,1053597936,M12,JCP2022_073458,0,2,1053597936/M12_2.png,0.0,1.0,"InChI=1S/C20H14FN3O/c21-16-5-1-13(2-6-16)18-19(14-9-11-22-12-10-14)24-20(23-18)15-3-7-17(25)8-4-15/h1-12,25H,(H,23,24)",QHKYPYXTTXKZST-UHFFFAOYSA-N,5
6374,1053597936,M12,JCP2022_073458,0,3,1053597936/M12_3.png,0.0,1.0,"InChI=1S/C20H14FN3O/c21-16-5-1-13(2-6-16)18-19(14-9-11-22-12-10-14)24-20(23-18)15-3-7-17(25)8-4-15/h1-12,25H,(H,23,24)",QHKYPYXTTXKZST-UHFFFAOYSA-N,5
6375,1053597936,M12,JCP2022_073458,0,4,1053597936/M12_4.png,0.0,1.0,"InChI=1S/C20H14FN3O/c21-16-5-1-13(2-6-16)18-19(14-9-11-22-12-10-14)24-20(23-18)15-3-7-17(25)8-4-15/h1-12,25H,(H,23,24)",QHKYPYXTTXKZST-UHFFFAOYSA-N,5
6376,1053597936,M12,JCP2022_073458,0,5,1053597936/M12_5.png,0.0,1.0,"InChI=1S/C20H14FN3O/c21-16-5-1-13(2-6-16)18-19(14-9-11-22-12-10-14)24-20(23-18)15-3-7-17(25)8-4-15/h1-12,25H,(H,23,24)",QHKYPYXTTXKZST-UHFFFAOYSA-N,5
6377,1053597936,M12,JCP2022_073458,0,6,1053597936/M12_6.png,0.0,1.0,"InChI=1S/C20H14FN3O/c21-16-5-1-13(2-6-16)18-19(14-9-11-22-12-10-14)24-20(23-18)15-3-7-17(25)8-4-15/h1-12,25H,(H,23,24)",QHKYPYXTTXKZST-UHFFFAOYSA-N,5
6381,1053597936,M20,JCP2022_106680,0,1,1053597936/M20_1.png,0.0,1.0,"InChI=1S/C25H27FN4O3/c1-16-12-17-19(29-16)6-7-21(24(17)26)33-25-18-13-22(31-2)23(14-20(18)27-15-28-25)32-11-5-10-30-8-3-4-9-30/h6-7,12-15,29H,3-5,8-11H2,1-2H3",XXJWYDDUDKYVKI-UHFFFAOYSA-N,2
6382,1053597936,M20,JCP2022_106680,0,2,1053597936/M20_2.png,0.0,1.0,"InChI=1S/C25H27FN4O3/c1-16-12-17-19(29-16)6-7-21(24(17)26)33-25-18-13-22(31-2)23(14-20(18)27-15-28-25)32-11-5-10-30-8-3-4-9-30/h6-7,12-15,29H,3-5,8-11H2,1-2H3",XXJWYDDUDKYVKI-UHFFFAOYSA-N,2
6383,1053597936,M20,JCP2022_106680,0,3,1053597936/M20_3.png,0.0,1.0,"InChI=1S/C25H27FN4O3/c1-16-12-17-19(29-16)6-7-21(24(17)26)33-25-18-13-22(31-2)23(14-20(18)27-15-28-25)32-11-5-10-30-8-3-4-9-30/h6-7,12-15,29H,3-5,8-11H2,1-2H3",XXJWYDDUDKYVKI-UHFFFAOYSA-N,2
6384,1053597936,M20,JCP2022_106680,0,4,1053597936/M20_4.png,0.0,1.0,"InChI=1S/C25H27FN4O3/c1-16-12-17-19(29-16)6-7-21(24(17)26)33-25-18-13-22(31-2)23(14-20(18)27-15-28-25)32-11-5-10-30-8-3-4-9-30/h6-7,12-15,29H,3-5,8-11H2,1-2H3",XXJWYDDUDKYVKI-UHFFFAOYSA-N,2
6385,1053597936,M20,JCP2022_106680,0,5,1053597936/M20_5.png,0.0,1.0,"InChI=1S/C25H27FN4O3/c1-16-12-17-19(29-16)6-7-21(24(17)26)33-25-18-13-22(31-2)23(14-20(18)27-15-28-25)32-11-5-10-30-8-3-4-9-30/h6-7,12-15,29H,3-5,8-11H2,1-2H3",XXJWYDDUDKYVKI-UHFFFAOYSA-N,2
6386,1053597936,M20,JCP2022_106680,0,6,1053597936/M20_6.png,0.0,1.0,"InChI=1S/C25H27FN4O3/c1-16-12-17-19(29-16)6-7-21(24(17)26)33-25-18-13-22(31-2)23(14-20(18)27-15-28-25)32-11-5-10-30-8-3-4-9-30/h6-7,12-15,29H,3-5,8-11H2,1-2H3",XXJWYDDUDKYVKI-UHFFFAOYSA-N,2
6390,1053597936,M22,JCP2022_041139,0,1,1053597936/M22_1.png,0.0,1.0,"InChI=1S/C27H36N6O3S/c1-20-19-28-26(30-21-10-12-23(13-11-21)36-17-16-33-14-5-6-15-33)31-25(20)29-22-8-7-9-24(18-22)37(34,35)32-27(2,3)4/h7-13,18-19,32H,5-6,14-17H2,1-4H3,(H2,28,29,30,31)",JOOXLOJCABQBSG-UHFFFAOYSA-N,4
6391,1053597936,M22,JCP2022_041139,0,2,1053597936/M22_2.png,0.0,1.0,"InChI=1S/C27H36N6O3S/c1-20-19-28-26(30-21-10-12-23(13-11-21)36-17-16-33-14-5-6-15-33)31-25(20)29-22-8-7-9-24(18-22)37(34,35)32-27(2,3)4/h7-13,18-19,32H,5-6,14-17H2,1-4H3,(H2,28,29,30,31)",JOOXLOJCABQBSG-UHFFFAOYSA-N,4
6392,1053597936,M22,JCP2022_041139,0,3,1053597936/M22_3.png,0.0,1.0,"InChI=1S/C27H36N6O3S/c1-20-19-28-26(30-21-10-12-23(13-11-21)36-17-16-33-14-5-6-15-33)31-25(20)29-22-8-7-9-24(18-22)37(34,35)32-27(2,3)4/h7-13,18-19,32H,5-6,14-17H2,1-4H3,(H2,28,29,30,31)",JOOXLOJCABQBSG-UHFFFAOYSA-N,4
6393,1053597936,M22,JCP2022_041139,0,4,1053597936/M22_4.png,0.0,1.0,"InChI=1S/C27H36N6O3S/c1-20-19-28-26(30-21-10-12-23(13-11-21)36-17-16-33-14-5-6-15-33)31-25(20)29-22-8-7-9-24(18-22)37(34,35)32-27(2,3)4/h7-13,18-19,32H,5-6,14-17H2,1-4H3,(H2,28,29,30,31)",JOOXLOJCABQBSG-UHFFFAOYSA-N,4
6394,1053597936,M22,JCP2022_041139,0,5,1053597936/M22_5.png,0.0,1.0,"InChI=1S/C27H36N6O3S/c1-20-19-28-26(30-21-10-12-23(13-11-21)36-17-16-33-14-5-6-15-33)31-25(20)29-22-8-7-9-24(18-22)37(34,35)32-27(2,3)4/h7-13,18-19,32H,5-6,14-17H2,1-4H3,(H2,28,29,30,31)",JOOXLOJCABQBSG-UHFFFAOYSA-N,4
6395,1053597936,M22,JCP2022_041139,0,6,1053597936/M22_6.png,0.0,1.0,"InChI=1S/C27H36N6O3S/c1-20-19-28-26(30-21-10-12-23(13-11-21)36-17-16-33-14-5-6-15-33)31-25(20)29-22-8-7-9-24(18-22)37(34,35)32-27(2,3)4/h7-13,18-19,32H,5-6,14-17H2,1-4H3,(H2,28,29,30,31)",JOOXLOJCABQBSG-UHFFFAOYSA-N,4
6399,1053597936,N03,JCP2022_062592,0,1,1053597936/N03_1.png,1.0,0.0,"InChI=1S/C25H22N6O2/c1-30-10-12-31(13-11-30)25-27-19-9-5-3-7-16(19)22(28-25)21-20(23(32)29-24(21)33)17-14-26-18-8-4-2-6-15(17)18/h2-9,14,26H,10-13H2,1H3,(H,29,32,33)",OAVGBZOFDPFGPJ-UHFFFAOYSA-N,1
6400,1053597936,N03,JCP2022_062592,0,2,1053597936/N03_2.png,1.0,0.0,"InChI=1S/C25H22N6O2/c1-30-10-12-31(13-11-30)25-27-19-9-5-3-7-16(19)22(28-25)21-20(23(32)29-24(21)33)17-14-26-18-8-4-2-6-15(17)18/h2-9,14,26H,10-13H2,1H3,(H,29,32,33)",OAVGBZOFDPFGPJ-UHFFFAOYSA-N,1
6401,1053597936,N03,JCP2022_062592,0,3,1053597936/N03_3.png,1.0,0.0,"InChI=1S/C25H22N6O2/c1-30-10-12-31(13-11-30)25-27-19-9-5-3-7-16(19)22(28-25)21-20(23(32)29-24(21)33)17-14-26-18-8-4-2-6-15(17)18/h2-9,14,26H,10-13H2,1H3,(H,29,32,33)",OAVGBZOFDPFGPJ-UHFFFAOYSA-N,1
6402,1053597936,N03,JCP2022_062592,0,4,1053597936/N03_4.png,1.0,0.0,"InChI=1S/C25H22N6O2/c1-30-10-12-31(13-11-30)25-27-19-9-5-3-7-16(19)22(28-25)21-20(23(32)29-24(21)33)17-14-26-18-8-4-2-6-15(17)18/h2-9,14,26H,10-13H2,1H3,(H,29,32,33)",OAVGBZOFDPFGPJ-UHFFFAOYSA-N,1
6403,1053597936,N03,JCP2022_062592,0,5,1053597936/N03_5.png,1.0,0.0,"InChI=1S/C25H22N6O2/c1-30-10-12-31(13-11-30)25-27-19-9-5-3-7-16(19)22(28-25)21-20(23(32)29-24(21)33)17-14-26-18-8-4-2-6-15(17)18/h2-9,14,26H,10-13H2,1H3,(H,29,32,33)",OAVGBZOFDPFGPJ-UHFFFAOYSA-N,1
6404,1053597936,N03,JCP2022_062592,0,6,1053597936/N03_6.png,1.0,0.0,"InChI=1S/C25H22N6O2/c1-30-10-12-31(13-11-30)25-27-19-9-5-3-7-16(19)22(28-25)21-20(23(32)29-24(21)33)17-14-26-18-8-4-2-6-15(17)18/h2-9,14,26H,10-13H2,1H3,(H,29,32,33)",OAVGBZOFDPFGPJ-UHFFFAOYSA-N,1
6408,1053597936,N12,JCP2022_078581,0,1,1053597936/N12_1.png,0.0,0.0,"InChI=1S/C21H23N5O3S/c27-20(17-8-9-17)23-21-22-19-3-1-2-18(26(19)24-21)16-6-4-15(5-7-16)14-25-10-12-30(28,29)13-11-25/h1-7,17H,8-14H2,(H,23,24,27)",RIJLVEAXPNLDTC-UHFFFAOYSA-N,2
6409,1053597936,N12,JCP2022_078581,0,2,1053597936/N12_2.png,0.0,0.0,"InChI=1S/C21H23N5O3S/c27-20(17-8-9-17)23-21-22-19-3-1-2-18(26(19)24-21)16-6-4-15(5-7-16)14-25-10-12-30(28,29)13-11-25/h1-7,17H,8-14H2,(H,23,24,27)",RIJLVEAXPNLDTC-UHFFFAOYSA-N,2
6410,1053597936,N12,JCP2022_078581,0,3,1053597936/N12_3.png,0.0,0.0,"InChI=1S/C21H23N5O3S/c27-20(17-8-9-17)23-21-22-19-3-1-2-18(26(19)24-21)16-6-4-15(5-7-16)14-25-10-12-30(28,29)13-11-25/h1-7,17H,8-14H2,(H,23,24,27)",RIJLVEAXPNLDTC-UHFFFAOYSA-N,2
6411,1053597936,N12,JCP2022_078581,0,4,1053597936/N12_4.png,0.0,0.0,"InChI=1S/C21H23N5O3S/c27-20(17-8-9-17)23-21-22-19-3-1-2-18(26(19)24-21)16-6-4-15(5-7-16)14-25-10-12-30(28,29)13-11-25/h1-7,17H,8-14H2,(H,23,24,27)",RIJLVEAXPNLDTC-UHFFFAOYSA-N,2
6412,1053597936,N12,JCP2022_078581,0,5,1053597936/N12_5.png,0.0,0.0,"InChI=1S/C21H23N5O3S/c27-20(17-8-9-17)23-21-22-19-3-1-2-18(26(19)24-21)16-6-4-15(5-7-16)14-25-10-12-30(28,29)13-11-25/h1-7,17H,8-14H2,(H,23,24,27)",RIJLVEAXPNLDTC-UHFFFAOYSA-N,2
6413,1053597936,N12,JCP2022_078581,0,6,1053597936/N12_6.png,0.0,0.0,"InChI=1S/C21H23N5O3S/c27-20(17-8-9-17)23-21-22-19-3-1-2-18(26(19)24-21)16-6-4-15(5-7-16)14-25-10-12-30(28,29)13-11-25/h1-7,17H,8-14H2,(H,23,24,27)",RIJLVEAXPNLDTC-UHFFFAOYSA-N,2
6417,1053597936,O03,JCP2022_009419,0,1,1053597936/O03_1.png,0.0,-1.0,"InChI=1S/C18H14Cl4N2O/c19-13-2-1-12(16(21)7-13)10-25-18(9-24-6-5-23-11-24)15-4-3-14(20)8-17(15)22/h1-8,11,18H,9-10H2",BYBLEWFAAKGYCD-UHFFFAOYSA-N,1
6418,1053597936,O03,JCP2022_009419,0,2,1053597936/O03_2.png,0.0,-1.0,"InChI=1S/C18H14Cl4N2O/c19-13-2-1-12(16(21)7-13)10-25-18(9-24-6-5-23-11-24)15-4-3-14(20)8-17(15)22/h1-8,11,18H,9-10H2",BYBLEWFAAKGYCD-UHFFFAOYSA-N,1
6419,1053597936,O03,JCP2022_009419,0,3,1053597936/O03_3.png,0.0,-1.0,"InChI=1S/C18H14Cl4N2O/c19-13-2-1-12(16(21)7-13)10-25-18(9-24-6-5-23-11-24)15-4-3-14(20)8-17(15)22/h1-8,11,18H,9-10H2",BYBLEWFAAKGYCD-UHFFFAOYSA-N,1
6420,1053597936,O03,JCP2022_009419,0,4,1053597936/O03_4.png,0.0,-1.0,"InChI=1S/C18H14Cl4N2O/c19-13-2-1-12(16(21)7-13)10-25-18(9-24-6-5-23-11-24)15-4-3-14(20)8-17(15)22/h1-8,11,18H,9-10H2",BYBLEWFAAKGYCD-UHFFFAOYSA-N,1
6421,1053597936,O03,JCP2022_009419,0,5,1053597936/O03_5.png,0.0,-1.0,"InChI=1S/C18H14Cl4N2O/c19-13-2-1-12(16(21)7-13)10-25-18(9-24-6-5-23-11-24)15-4-3-14(20)8-17(15)22/h1-8,11,18H,9-10H2",BYBLEWFAAKGYCD-UHFFFAOYSA-N,1
6422,1053597936,O03,JCP2022_009419,0,6,1053597936/O03_6.png,0.0,-1.0,"InChI=1S/C18H14Cl4N2O/c19-13-2-1-12(16(21)7-13)10-25-18(9-24-6-5-23-11-24)15-4-3-14(20)8-17(15)22/h1-8,11,18H,9-10H2",BYBLEWFAAKGYCD-UHFFFAOYSA-N,1
6426,1053597936,O08,JCP2022_077046,0,1,1053597936/O08_1.png,0.0,1.0,"InChI=1S/C22H23N5O/c1-22(2)14-26-19-12-16(5-6-18(19)22)27-21(28)17-4-3-9-24-20(17)25-13-15-7-10-23-11-8-15/h3-12,26H,13-14H2,1-2H3,(H,24,25)(H,27,28)",RAHBGWKEPAQNFF-UHFFFAOYSA-N,3
6427,1053597936,O08,JCP2022_077046,0,2,1053597936/O08_2.png,0.0,1.0,"InChI=1S/C22H23N5O/c1-22(2)14-26-19-12-16(5-6-18(19)22)27-21(28)17-4-3-9-24-20(17)25-13-15-7-10-23-11-8-15/h3-12,26H,13-14H2,1-2H3,(H,24,25)(H,27,28)",RAHBGWKEPAQNFF-UHFFFAOYSA-N,3
6428,1053597936,O08,JCP2022_077046,0,3,1053597936/O08_3.png,0.0,1.0,"InChI=1S/C22H23N5O/c1-22(2)14-26-19-12-16(5-6-18(19)22)27-21(28)17-4-3-9-24-20(17)25-13-15-7-10-23-11-8-15/h3-12,26H,13-14H2,1-2H3,(H,24,25)(H,27,28)",RAHBGWKEPAQNFF-UHFFFAOYSA-N,3
6429,1053597936,O08,JCP2022_077046,0,4,1053597936/O08_4.png,0.0,1.0,"InChI=1S/C22H23N5O/c1-22(2)14-26-19-12-16(5-6-18(19)22)27-21(28)17-4-3-9-24-20(17)25-13-15-7-10-23-11-8-15/h3-12,26H,13-14H2,1-2H3,(H,24,25)(H,27,28)",RAHBGWKEPAQNFF-UHFFFAOYSA-N,3
6430,1053597936,O08,JCP2022_077046,0,5,1053597936/O08_5.png,0.0,1.0,"InChI=1S/C22H23N5O/c1-22(2)14-26-19-12-16(5-6-18(19)22)27-21(28)17-4-3-9-24-20(17)25-13-15-7-10-23-11-8-15/h3-12,26H,13-14H2,1-2H3,(H,24,25)(H,27,28)",RAHBGWKEPAQNFF-UHFFFAOYSA-N,3
6431,1053597936,O08,JCP2022_077046,0,6,1053597936/O08_6.png,0.0,1.0,"InChI=1S/C22H23N5O/c1-22(2)14-26-19-12-16(5-6-18(19)22)27-21(28)17-4-3-9-24-20(17)25-13-15-7-10-23-11-8-15/h3-12,26H,13-14H2,1-2H3,(H,24,25)(H,27,28)",RAHBGWKEPAQNFF-UHFFFAOYSA-N,3
6435,1053597936,P21,JCP2022_047545,0,1,1053597936/P21_1.png,0.0,1.0,"InChI=1S/C22H22FN5O3/c1-3-20(29)25-16-5-4-6-17(13-16)26-21-19(23)14-24-22(28-21)27-15-7-9-18(10-8-15)31-12-11-30-2/h3-10,13-14H,1,11-12H2,2H3,(H,25,29)(H2,24,26,27,28)",KXBDTLQSDKGAEB-UHFFFAOYSA-N,0
6436,1053597936,P21,JCP2022_047545,0,2,1053597936/P21_2.png,0.0,1.0,"InChI=1S/C22H22FN5O3/c1-3-20(29)25-16-5-4-6-17(13-16)26-21-19(23)14-24-22(28-21)27-15-7-9-18(10-8-15)31-12-11-30-2/h3-10,13-14H,1,11-12H2,2H3,(H,25,29)(H2,24,26,27,28)",KXBDTLQSDKGAEB-UHFFFAOYSA-N,0
6437,1053597936,P21,JCP2022_047545,0,3,1053597936/P21_3.png,0.0,1.0,"InChI=1S/C22H22FN5O3/c1-3-20(29)25-16-5-4-6-17(13-16)26-21-19(23)14-24-22(28-21)27-15-7-9-18(10-8-15)31-12-11-30-2/h3-10,13-14H,1,11-12H2,2H3,(H,25,29)(H2,24,26,27,28)",KXBDTLQSDKGAEB-UHFFFAOYSA-N,0
6438,1053597936,P21,JCP2022_047545,0,4,1053597936/P21_4.png,0.0,1.0,"InChI=1S/C22H22FN5O3/c1-3-20(29)25-16-5-4-6-17(13-16)26-21-19(23)14-24-22(28-21)27-15-7-9-18(10-8-15)31-12-11-30-2/h3-10,13-14H,1,11-12H2,2H3,(H,25,29)(H2,24,26,27,28)",KXBDTLQSDKGAEB-UHFFFAOYSA-N,0
6439,1053597936,P21,JCP2022_047545,0,5,1053597936/P21_5.png,0.0,1.0,"InChI=1S/C22H22FN5O3/c1-3-20(29)25-16-5-4-6-17(13-16)26-21-19(23)14-24-22(28-21)27-15-7-9-18(10-8-15)31-12-11-30-2/h3-10,13-14H,1,11-12H2,2H3,(H,25,29)(H2,24,26,27,28)",KXBDTLQSDKGAEB-UHFFFAOYSA-N,0
6440,1053597936,P21,JCP2022_047545,0,6,1053597936/P21_6.png,0.0,1.0,"InChI=1S/C22H22FN5O3/c1-3-20(29)25-16-5-4-6-17(13-16)26-21-19(23)14-24-22(28-21)27-15-7-9-18(10-8-15)31-12-11-30-2/h3-10,13-14H,1,11-12H2,2H3,(H,25,29)(H2,24,26,27,28)",KXBDTLQSDKGAEB-UHFFFAOYSA-N,0
